Model,F1,Time
Logistic Regression,0.0,0.020748376846313477
Random Forest Binary,0.0015572685509616132,0.40314245223999023
XGBoost Binary,0.0,0.06552386283874512
